directory	file	datetime	title	description	latitude	longitude
./posts/2015-indonesia/2015-09-02-gunung-rinjani-17-horas	20150902-160821.jpg	2015:09:02 16:08:21	Felicidad pos ba&ntilde;o	-	-	-
./posts/2015-indonesia/2015-09-02-gunung-rinjani-17-horas	20150902-065145.jpg	2015:09:02 06:51:45	Satisfacci&oacute;n	3726 metros. Rinjani conquistado.	-8.41177833333333	116.457566666667
./posts/2015-indonesia/2015-09-02-gunung-rinjani-17-horas	20150902-181239.jpg	2015:09:02 18:12:39	Despierta la monta&ntilde;a	-	-	-
./posts/2015-indonesia/2015-09-02-gunung-rinjani-17-horas	20150902-070607.jpg	2015:09:02 07:06:07	Rinjani conquistado	-	-8.41177833333333	116.457566666667
./posts/2015-indonesia/2015-09-02-gunung-rinjani-17-horas	20150902-181832.jpg	2015:09:02 18:18:32	Cr&aacute;ter del Rinjani	-	-	-
./posts/2015-indonesia/2015-09-02-gunung-rinjani-17-horas	20150902-070605.jpg	2015:09:02 07:06:05	Rinjani conquistado	-	-8.41177833333333	116.457566666667
./posts/2015-indonesia/2015-09-02-gunung-rinjani-17-horas	20150902-065737.jpg	2015:09:02 06:57:37	Al borde del precipicio	La foto lo hace parecer m&aacute;s peligroso	-8.41177833333333	116.457566666667
./posts/2015-indonesia/2015-09-02-gunung-rinjani-17-horas	20150902-065137.jpg	2015:09:02 06:51:37	-	-	-8.41177833333333	116.457566666667
./posts/2015-indonesia/2015-09-02-gunung-rinjani-17-horas	20150902-051327.jpg	2015:09:02 05:13:27	Amanece el Rinjani	-	-8.41177833333333	116.457566666667
./posts/2015-indonesia/2015-09-02-gunung-rinjani-17-horas	20150902-070859.jpg	2015:09:02 07:08:59	Rinjani conquistado	-	-8.41177833333333	116.457566666667
./posts/2015-indonesia/2015-09-02-gunung-rinjani-17-horas	20150902-063602.jpg	2015:09:02 06:36:02	-	-	-8.41177666666667	116.457566666667
./posts/2015-indonesia/2015-09-02-gunung-rinjani-17-horas	20150902-060630.jpg	2015:09:02 06:06:30	Rinjani conquistado	El Rinjani es el 5&ordm; pico y 2&ordm; volc&aacute;n m&aacute;s alto de Indonesia y una de las mejores excursiones a pie del pa&iacute;s, dicen. Llegar a la cima es toda una satisfacci&oacute;n.	-8.41177833333333	116.457566666667
./posts/2015-indonesia/2015-09-02-gunung-rinjani-17-horas	20150902-164046.jpg	2015:09:02 16:40:46	Extenuaci&oacute;n	Despu&eacute;s de dormir poco, subir casi 1000 metros, bajar 1500 y volver a subir unos 500, esta es la cara que se me queda.	-	-
./posts/2015-indonesia/2015-09-02-gunung-rinjani-17-horas	20150902-064133.jpg	2015:09:02 06:41:33	-	-	-8.41177833333333	116.457566666667
./posts/2015-indonesia/2015-09-02-gunung-rinjani-17-horas	20150902-160828.jpg	2015:09:02 16:08:28	&iexcl;Qu&eacute; bien ha sentado este ba&ntilde;o!	-	-	-
./posts/2015-indonesia/2015-09-02-gunung-rinjani-17-horas	20150902-160829.jpg	2015:09:02 16:08:29	-	-	-	-
./posts/2015-indonesia/2015-08-30-snorkel-en-las-gilis	20150830-183358.jpg	2015:08:30 18:33:58	Claudio	-	-8.374605	116.085596666667
./posts/2015-indonesia/2015-08-30-snorkel-en-las-gilis	20150830-180518.jpg	2015:08:30 18:05:18	Yoga al atardecer	-	-8.374605	116.085596666667
./posts/2015-indonesia/2015-08-30-snorkel-en-las-gilis	20150830-083216.jpg	2015:08:30 08:32:16	Burro taxi	Son t&iacute;picos en las Gili	-8.374605	116.085596666667
./posts/2015-indonesia/2015-08-30-snorkel-en-las-gilis	20150830-180737.jpg	2015:08:30 18:07:37	Claudio	-	-8.374605	116.085596666667
./posts/2015-indonesia/2015-08-30-snorkel-en-las-gilis	20150830-101809.jpg	2015:08:30 10:18:09	Snorkel en las Gili	-	-8.374605	116.085596666667
./posts/2015-indonesia/2015-08-30-snorkel-en-las-gilis	20150830-180416.jpg	2015:08:30 18:04:16	Atardecer	El atardecer en las Gili es muy agradable y bonito	-8.374605	116.085596666667
./posts/2015-indonesia/2015-08-30-snorkel-en-las-gilis	20150830-183446.jpg	2015:08:30 18:34:46	Gunung Rinjani desde las Gili	-	-8.374605	116.085596666667
./posts/2015-indonesia/2015-08-30-snorkel-en-las-gilis	20150830-180819.jpg	2015:08:30 18:08:19	-	-	-8.374605	116.085596666667
./posts/2015-indonesia/2015-08-30-snorkel-en-las-gilis	20150830-083813.jpg	2015:08:30 08:38:13	Lombok desde las Gili	-	-8.374605	116.085596666667
./posts/2015-indonesia/2015-08-30-snorkel-en-las-gilis	20150830-183235.jpg	2015:08:30 18:32:35	-	-	-8.374605	116.085596666667
./posts/2015-indonesia/2015-08-30-snorkel-en-las-gilis	20150830-181032.jpg	2015:08:30 18:10:32	-	-	-8.374605	116.085596666667
./posts/2015-indonesia/2015-08-30-snorkel-en-las-gilis	20150830-180926.jpg	2015:08:30 18:09:26	-	-	-8.374605	116.085596666667
./posts/2015-indonesia/more_pictures	20150906-104758.jpg	2015:09:06 10:47:58	Kuta	Al final de esta playa est&aacute; el Novotel. La playa en s&iacute; no es de las mejores.	-8.90058833333333	116.2926
./posts/2015-indonesia/2015-08-28-playa-de-jimbaran-pura-ulu-watu	20150828-210057.jpg	2015:08:28 21:00:57	Tomando algo en el Kabron	Un restaurante espa&ntilde;ol en una localizaci&oacute;n privilegiada. Eso s&iacute;, la comida es normal pero cara.	-8.80182666666667	115.117001666667
./posts/2015-indonesia/2015-08-28-playa-de-jimbaran-pura-ulu-watu	20150828-073539.jpg	2015:08:28 07:35:39	Playa en Bali	Hay mucha corriente en Bali, esto no es el Caribe	-	-
./posts/2015-indonesia/2015-08-28-playa-de-jimbaran-pura-ulu-watu	20150828-172635.jpg	2015:08:28 17:26:35	Acantilados de Uluwatu	-	-8.826425	115.08439
./posts/2015-indonesia/2015-08-28-playa-de-jimbaran-pura-ulu-watu	20150828-173109.jpg	2015:08:28 17:31:09	Ulu Watu	-	-8.82687166666667	115.084883333333
./posts/2015-indonesia/2015-08-28-playa-de-jimbaran-pura-ulu-watu	20150828-173737.jpg	2015:08:28 17:37:37	Mono jugando	M&aacute;s que jugando, est&aacute; entretenido con algo.	-8.829065	115.084833333333
./posts/2015-indonesia/2015-08-28-playa-de-jimbaran-pura-ulu-watu	20150828-074000.jpg	2015:08:28 07:40:00	Un surfista	-	-	-
./posts/2015-indonesia/2015-08-28-playa-de-jimbaran-pura-ulu-watu	20150828-184044.jpg	2015:08:28 18:40:44	Protagonista de la obra	No me qued&oacute; claro si este era el malo o el bueno	-8.83079333333333	115.085473333333
./posts/2015-indonesia/2015-09-03-gunung-rinjani-bajar-sin-piernas	20150903-123508.jpg	2015:09:03 12:35:08	Paseando a Miss Daisy	-	-8.361275	116.39663
./posts/2015-indonesia/2015-09-03-gunung-rinjani-bajar-sin-piernas	20150903-090806.jpg	2015:09:03 09:08:06	Jungla	La bajada del Rinjani es un paisaje as&iacute;. Es muy agradable la sombra.	-8.36593	116.398045
./posts/2015-indonesia/2015-08-31-gunung-rinjani-llegada	20150831-164221.jpg	2015:08:31 16:42:21	Cascada	-	-8.29440833333333	116.409633333333
./posts/2015-indonesia/2015-08-31-gunung-rinjani-llegada	20150831-155827.jpg	2015:08:31 15:58:27	Un mono	-	-8.29440833333333	116.409633333333
./posts/2015-indonesia/2015-08-31-gunung-rinjani-llegada	20150831-175511.jpg	2015:08:31 17:55:11	Rinjani	La cima est&aacute; por encima de las nubes	-8.29440833333333	116.409633333333
./posts/2015-indonesia/2015-08-31-gunung-rinjani-llegada	20150831-164532.jpg	2015:08:31 16:45:32	Cascada	Cascada en las inmediaciones del RInjani	-8.29440833333333	116.409633333333
./posts/2015-indonesia/2015-08-31-gunung-rinjani-llegada	20150831-162551.jpg	2015:08:31 16:25:51	Va a haber que mojarse	No hay manera de llegar a la segunda cascada sin mojarse.	-8.29440833333333	116.409633333333
./posts/2015-indonesia/2015-08-31-gunung-rinjani-llegada	20150831-162554.jpg	2015:08:31 16:25:54	-	-	-8.29440833333333	116.409633333333
./posts/2015-indonesia/2015-08-31-gunung-rinjani-llegada	20150831-120016.jpg	2015:08:31 12:00:16	Arrozales en Lombok	-	-	-
./posts/2015-indonesia/2015-08-31-gunung-rinjani-llegada	20150831-155446.jpg	2015:08:31 15:54:46	&iquest;De d&oacute;nde viene el agua?	-	-8.29440833333333	116.409633333333
./posts/2015-indonesia/2015-08-31-gunung-rinjani-llegada	20150831-180721.jpg	2015:08:31 18:07:21	-	-	-8.29601	116.40998
./posts/2015-indonesia/2015-08-31-gunung-rinjani-llegada	20150831-164313.jpg	2015:08:31 16:43:13	Cascada y piscina	-	-8.29440833333333	116.409633333333
./posts/2015-indonesia/2015-08-31-gunung-rinjani-llegada	20150831-180647.jpg	2015:08:31 18:06:47	Lombok	Las vistas de las faldas de Rinjani son muy bonitas, muy verde, con mucho arrozal.	-8.29601	116.40998
./posts/2015-indonesia/2015-08-31-gunung-rinjani-llegada	20150831-153620.jpg	2015:08:31 15:36:20	-	-	-	-
./posts/2015-indonesia/2015-08-31-gunung-rinjani-llegada	20150831-155154.jpg	2015:08:31 15:51:54	Un mono	-	-	-
./posts/2015-indonesia/2015-08-31-gunung-rinjani-llegada	20150831-170855.jpg	2015:08:31 17:08:55	La jungla	-	-8.29440833333333	116.409633333333
./posts/2015-indonesia/2015-08-31-gunung-rinjani-llegada	20150831-160529.jpg	2015:08:31 16:05:29	Una mona	-	-8.29440833333333	116.409633333333
./posts/2015-indonesia/2015-08-31-gunung-rinjani-llegada	20150831-165447.jpg	2015:08:31 16:54:47	Ba&ntilde;&aacute;ndose en la cascada	-	-8.29440833333333	116.409633333333
./posts/2015-indonesia/2015-08-31-gunung-rinjani-llegada	20150831-155345.jpg	2015:08:31 15:53:45	Cascada	-	-	-
./posts/2015-indonesia/2015-08-31-gunung-rinjani-llegada	20150831-165521.jpg	2015:08:31 16:55:21	&iquest;Me meto o no me meto?	-	-8.29440833333333	116.409633333333
./posts/2015-indonesia/2015-09-01-gunung-rinjani-subida	20150901-180936.jpg	2015:09:01 18:09:36	-	-	-8.39754166666667	116.44037
./posts/2015-indonesia/2015-09-01-gunung-rinjani-subida	20150901-094604.jpg	2015:09:01 09:46:04	A comer	-	-8.37247166666667	116.459866666667
./posts/2015-indonesia/2015-09-01-gunung-rinjani-subida	20150901-180923.jpg	2015:09:01 18:09:23	Contemplando el cr&aacute;ter	Todo eso, lago inluido, es el cr&aacute;ter del Rinjani	-8.39754166666667	116.44037
./posts/2015-indonesia/2015-09-01-gunung-rinjani-subida	20150901-170532.jpg	2015:09:01 17:05:32	-	-	-8.39754166666667	116.44037
./posts/2015-indonesia/2015-09-01-gunung-rinjani-subida	20150901-165505.jpg	2015:09:01 16:55:05	-	-	-8.39754166666667	116.44037
./posts/2015-indonesia/2015-09-01-gunung-rinjani-subida	20150901-110216.jpg	2015:09:01 11:02:16	Porteador porteando	-	-8.37247166666667	116.459866666667
./posts/2015-indonesia/2015-09-01-gunung-rinjani-subida	20150901-163238.jpg	2015:09:01 16:32:38	Por encima de las nubes	-	-8.39754166666667	116.44037
./posts/2015-indonesia/2015-09-01-gunung-rinjani-subida	20150901-155946.jpg	2015:09:01 15:59:46	Me ha dado el sol	-	-8.37247166666667	116.459866666667
./posts/2015-indonesia/2015-09-01-gunung-rinjani-subida	20150901-084914.jpg	2015:09:01 08:49:14	-	-	-8.37247166666667	116.459866666667
./posts/2015-indonesia/2015-09-01-gunung-rinjani-subida	20150901-173146.jpg	2015:09:01 17:31:46	-	-	-8.39754166666667	116.440368333333
./posts/2015-indonesia/2015-09-01-gunung-rinjani-subida	20150901-174945.jpg	2015:09:01 17:49:45	Campamento	-	-8.39754166666667	116.44037
./posts/2015-indonesia/2015-09-01-gunung-rinjani-subida	20150901-085002.jpg	2015:09:01 08:50:02	Porteadores	Llevan unos 30 kg, dicen. Parece m&aacute;s. Van en chanclas.	-8.37247166666667	116.459866666667
./posts/2015-indonesia/2015-09-01-gunung-rinjani-subida	20150901-162935.jpg	2015:09:01 16:29:35	-	-	-8.39754166666667	116.44037
./posts/2015-indonesia/2015-09-01-gunung-rinjani-subida	20150901-181314.jpg	2015:09:01 18:13:14	Habitaci&oacute;n con vistas	-	-8.39754166666667	116.44037
./posts/2015-indonesia/2015-09-01-gunung-rinjani-subida	20150901-173545.jpg	2015:09:01 17:35:45	Por encima de las nubes	-	-8.39754166666667	116.44037
./posts/2015-indonesia/2015-09-01-gunung-rinjani-subida	20150901-175652.jpg	2015:09:01 17:56:52	Gunung Rinjani	Lo peor no es la altura. Tampoco la pendiente. Lo peor es que es muy arenoso, se te hunde el pie y resbaja. Es como subir una duna. Muy duro.	-8.39754166666667	116.44037
./posts/2015-indonesia/2015-09-01-gunung-rinjani-subida	20150901-181705.jpg	2015:09:01 18:17:05	-	-	-8.39754166666667	116.44037
./posts/2015-indonesia/2015-09-01-gunung-rinjani-subida	20150901-172048.jpg	2015:09:01 17:20:48	-	-	-8.39754166666667	116.44037
./posts/2015-indonesia/2015-09-01-gunung-rinjani-subida	20150901-180906.jpg	2015:09:01 18:09:06	-	-	-8.39754166666667	116.44037
./posts/2015-indonesia/2015-09-01-gunung-rinjani-subida	20150901-172159.jpg	2015:09:01 17:21:59	-	-	-8.39754166666667	116.44037
./posts/2015-indonesia/2015-09-01-gunung-rinjani-subida	20150901-173455.jpg	2015:09:01 17:34:55	-	-	-8.39754166666667	116.44037
./posts/2015-indonesia/2015-09-01-gunung-rinjani-subida	20150901-095702.jpg	2015:09:01 09:57:02	-	-	-8.37247166666667	116.459866666667
./posts/2015-indonesia/2015-09-01-gunung-rinjani-subida	20150901-172758.jpg	2015:09:01 17:27:58	Cena con vistas	-	-8.39754166666667	116.44037
./posts/2015-indonesia/2015-09-05-sur-de-lombok	20150905-090914.jpg	2015:09:05 09:09:14	Repostaje	S&iacute;, la gasolina se echa con un embudo. Hay gasolineras al uso, pero esto es mucho m&aacute;s habitual.	-8.88736166666667	116.273631666667
./posts/2015-indonesia/2015-09-05-sur-de-lombok	20150905-095249.jpg	2015:09:05 09:52:49	Una playa	Las habr&aacute; mejores, pero cuesta encontrarlas	-	-
./posts/2015-indonesia/2015-09-05-sur-de-lombok	20150905-155904.jpg	2015:09:05 15:59:04	Una playa en Lombok	A diferencia de las playas que vimos en Bali, en Lombok hay playas que est&aacute;n muy resguardadas. Eso hace que sean m&aacute;s aptas para el ba&ntilde;o. Y adem&aacute;s siguen estando desiertas.	-	-
./posts/2015-indonesia/2015-09-05-sur-de-lombok	20150905-120827.jpg	2015:09:05 12:08:27	Playa paradisiaca	-	-	-
./posts/2015-indonesia/2015-09-05-sur-de-lombok	20150905-180600.jpg	2015:09:05 18:06:00	-	-	-	-
./posts/2015-indonesia/2015-08-27-pura-tanah-lot	20150827-110458.jpg	2015:08:27 11:04:58	Ceci es blanca	A los indonesios les gusta hacerse fotos con occidentales	-8.62130333333333	115.086983333333
./posts/2015-indonesia/2015-08-27-pura-tanah-lot	20150827-175417.jpg	2015:08:27 17:54:17	-	-	-8.792835	115.123583333333
./posts/2015-indonesia/2015-08-27-pura-tanah-lot	20150827-093756.jpg	2015:08:27 09:37:56	-	-	-	-
./posts/2015-indonesia/2015-08-27-pura-tanah-lot	20150827-130850.jpg	2015:08:27 13:08:50	Splash	-	-8.68437666666667	115.152523333333
./posts/2015-indonesia/2015-08-27-pura-tanah-lot	20150827-110023.jpg	2015:08:27 11:00:23	Purificando a Claudio	-	-8.62112166666667	115.086975
./posts/2015-indonesia/2015-08-27-pura-tanah-lot	20150827-105951.jpg	2015:08:27 10:59:51	Ya tiene arroz	Es dif&iacute;cil aguantar la risa hasta para ellos mismos.	-8.62112333333333	115.086958333333
./posts/2015-indonesia/2015-08-27-pura-tanah-lot	20150827-111548.jpg	2015:08:27 11:15:48	Pura Tanah Lot	-	-8.61961333333333	115.086938333333
./posts/2015-indonesia/2015-08-26-besakih-sidemen-padang-bai	20150826-112949.jpg	2015:08:26 11:29:49	Sidemen road	-	-8.45598666666667	115.465075
./posts/2015-indonesia/2015-08-26-besakih-sidemen-padang-bai	20150826-102019.jpg	2015:08:26 10:20:19	Pura Besakih	El templo m&aacute;s grande de Bali, que no el m&aacute;s bonito	-8.37944666666667	115.447386666667
./posts/2015-indonesia/2015-08-26-besakih-sidemen-padang-bai	20150826-171025.jpg	2015:08:26 17:10:25	Mojando los pies	El agua no est&aacute; especialmente caliente, y adem&aacute;s hay mucho oleaje. No es el mejor sitio para ba&ntilde;arse.	-8.5949	115.345378333333
./posts/2015-indonesia/2015-08-26-besakih-sidemen-padang-bai	20150826-115504.jpg	2015:08:26 11:55:04	No todo son arrozales	-	-	-
./posts/2015-indonesia/2015-08-26-besakih-sidemen-padang-bai	20150826-163911.jpg	2015:08:26 16:39:11	Playas de arena negra en el este de Bali	-	-8.59484166666667	115.345321666667
./posts/2015-indonesia/2015-08-26-besakih-sidemen-padang-bai	20150826-115241.jpg	2015:08:26 11:52:41	Sideman road	Los arrozales m&aacute;s famosos de Bali, aunque no solo hay arroz.	-	-
./posts/2015-indonesia/2015-08-26-besakih-sidemen-padang-bai	20150826-115733.jpg	2015:08:26 11:57:33	Besakih	-	-	-
./posts/2015-indonesia/2015-08-26-besakih-sidemen-padang-bai	20150826-190711.jpg	2015:08:26 19:07:11	&iexcl;A cenar!	&iquest;A que tiene buena pinta?	-	-
./posts/2015-indonesia/2015-08-26-besakih-sidemen-padang-bai	20150826-115911.jpg	2015:08:26 11:59:11	Ceci con arrozales	-	-	-
./posts/2015-indonesia/2015-08-26-besakih-sidemen-padang-bai	20150826-102101.jpg	2015:08:26 10:21:01	Escalinata de Pura Besakih	-	-8.37944666666667	115.447386666667
./posts/2015-indonesia/2015-08-26-besakih-sidemen-padang-bai	20150826-172828.jpg	2015:08:26 17:28:28	Paisaje balin&eacute;s	-	-	-
./posts/2015-indonesia/2015-08-26-besakih-sidemen-padang-bai	20150826-154445.jpg	2015:08:26 15:44:45	-	-	-8.52986833333333	115.510998333333
./posts/2015-indonesia/2015-08-26-besakih-sidemen-padang-bai	20150826-103240.jpg	2015:08:26 10:32:40	-	-	-8.37944666666667	115.447386666667
./posts/2015-indonesia/2015-08-26-besakih-sidemen-padang-bai	20150826-110002.jpg	2015:08:26 11:00:02	Pura Besakih	-	-8.37944666666667	115.447386666667
./posts/2015-indonesia/2015-08-26-besakih-sidemen-padang-bai	20150826-132506.jpg	2015:08:26 13:25:06	Chiringuito	-	-	-
./posts/2015-indonesia/2015-08-26-besakih-sidemen-padang-bai	20150826-103336.jpg	2015:08:26 10:33:36	Bamb&uacute; decorado	En todo Bali, y tambi&eacute;n en Java, las calles estan decoradas con estos bamb&uacute;es doblados	-	-
./posts/2015-indonesia/2015-08-26-besakih-sidemen-padang-bai	20150826-113737.jpg	2015:08:26 11:37:37	Ofrenda	-	-8.37944666666667	115.447386666667
./posts/2015-indonesia/2015-09-07-jakarta	20150907-104018.jpg	2015:09:07 10:40:18	Monumento nacional de Indonesia	Estaba cerrado el d&iacute;a que fuimos a Jakarta, no pudimos acercarnos m&aacute;s.	-6.17729833333333	106.823055
./posts/2015-indonesia/2015-09-04-kuta-lombok	20150904-095015.jpg	2015:09:04 09:50:15	Coral	-	-	-
./posts/2015-indonesia/2015-08-29-gili-air	20150829-161119.jpg	2015:08:29 16:11:19	-	-	-8.36327166666667	116.082841666667
./posts/2015-indonesia/2015-08-29-gili-air	20150829-163911.jpg	2015:08:29 16:39:11	Atardecer en las Gili	-	-8.36327166666667	116.082841666667
./posts/2015-indonesia/2015-08-29-gili-air	20150829-120659.jpg	2015:08:29 12:06:59	Las bicicletas no sirven en agua	-	-8.36327166666667	116.082841666667
./posts/2015-indonesia/2015-08-29-gili-air	20150829-160436.jpg	2015:08:29 16:04:36	Decorando con corales	-	-8.36327166666667	116.082841666667
./posts/2015-indonesia/2015-08-29-gili-air	20150829-165213.jpg	2015:08:29 16:52:13	Marea baja	-	-8.36327166666667	116.082841666667
./posts/2015-indonesia/2015-08-29-gili-air	20150829-160356.jpg	2015:08:29 16:03:56	Un columpio	&iquest;Qui&eacute;n se puede resistir a un columpio?	-8.36327166666667	116.082841666667
./posts/2015-indonesia/2015-08-19-borobudur-prambanan	20150819-063151.jpg	2015:08:19 06:31:51	Templo	Este templo no tiene un interior con techo. Es, como si dij&eacute;ramos, una monta&ntilde;a decorada.	-7.6080361	110.203813883333
./posts/2014-camboya/2014-02-14-nos-vamos	20140214-055433.jpg	2014:02:14 05:54:33	En Barajas	Destino: Camboya	40.4636666666667	-3.56971166666667
./posts/2014-camboya	20140221-162142.jpg	2014:02:21 16:21:42	-	-	-	-
./posts/2018-australia/2018-10-04	20181004-184359.jpg	2018:10:04 18:43:59	-	-	-	-
./posts/2018-australia/2018-10-04	20181004-110712.jpg	2018:10:04 11:07:12	-	-	-	-
./posts/2018-australia/2018-10-04	20181004-114700.jpg	2018:10:04 11:47:00	-	-	-	-
./posts/2018-australia/2018-10-04	20181004-113405.jpg	2018:10:04 11:34:05	-	-	-	-
./posts/2018-australia/2018-10-04	20181004-141423.jpg	2018:10:04 14:14:23	-	-	-	-
./posts/2018-australia/2018-10-03	20181003-152744.jpg	2018:10:03 15:27:44	-	-	-	-
./posts/2018-australia/2018-10-03	20181003-111342.jpg	2018:10:03 11:13:42	-	-	-	-
./posts/2018-australia/2018-10-03	20181003-130438.jpg	2018:10:03 13:04:38	-	-	-	-
./posts/2018-australia/2018-10-03	20181003-155722.jpg	2018:10:03 15:57:22	-	-	-	-
./posts/2018-australia/2018-10-03	20181003-145452.jpg	2018:10:03 14:54:52	-	-	-	-
./posts/2018-australia/2018-10-03	20181003-165807.jpg	2018:10:03 16:58:07	-	-	-	-
./posts/2018-australia/2018-10-03	20181003-201120.jpg	2018:10:03 20:11:20	-	-	-	-
./posts/2018-australia/2018-10-03	20181003-151031.jpg	2018:10:03 15:10:31	-	-	-	-
./posts/2018-australia/2018-10-03	20181003-124152.jpg	2018:10:03 12:41:52	-	-	-	-
./posts/2018-australia/2018-10-02	20181002-135715.jpg	2018:10:02 13:57:15	-	-	-	-
./posts/2018-australia/2018-10-02	20181002-122927.jpg	2018:10:02 12:29:27	-	-	-	-
./posts/2018-australia/2018-10-05	20181005-142926.jpg	2018:10:05 14:29:26	-	-	-	-
./posts/2018-australia/2018-10-05	20181005-142959.jpg	2018:10:05 14:29:59	-	-	-	-
./posts/2018-australia/2018-09-24	20180924-120813.jpg	2018:09:24 12:08:13	-	-	-	-
./posts/2018-australia/2018-09-24	20180924-144207.jpg	2018:09:24 14:42:07	-	-	-	-
./posts/2018-australia/2018-09-24	20180924-104141.jpg	2018:09:24 10:41:41	-	-	-	-
./posts/2018-australia/2018-09-24	20180924-092646.jpg	2018:09:24 09:26:46	-	-	-	-
./posts/2018-australia/2018-09-24	20180924-091322.jpg	2018:09:24 09:13:22	-	-	-	-
./posts/2018-australia/2018-09-24	20180924-141449.jpg	2018:09:24 14:14:49	-	-	-	-
./posts/2018-australia/2018-09-23	20180923-112913.jpg	2018:09:23 11:29:13	-	-	-	-
./posts/2018-australia/2018-09-23	20180923-144039.jpg	2018:09:23 14:40:39	-	-	-	-
./posts/2018-australia/2018-09-23	20180923-134618.jpg	2018:09:23 13:46:18	-	-	-	-
./posts/2018-australia/2018-09-23	20180923-134434.jpg	2018:09:23 13:44:34	-	-	-	-
./posts/2018-australia/2018-09-23	20180923-154723.jpg	2018:09:23 15:47:23	-	-	-	-
./posts/2018-australia/2018-09-23	20180923-134202.jpg	2018:09:23 13:42:02	-	-	-	-
./posts/2018-australia/2018-09-23	20180923-140345.jpg	2018:09:23 14:03:45	-	-	-	-
./posts/2018-australia/2018-09-23	20180923-113043.jpg	2018:09:23 11:30:43	-	-	-	-
./posts/2018-australia/2018-09-23	20180923-165013.jpg	2018:09:23 16:50:13	-	-	-	-
./posts/2018-australia/2018-09-23	20180923-093021.jpg	2018:09:23 09:30:21	-	-	-	-
./posts/2018-australia/2018-09-23	20180923-165407.jpg	2018:09:23 16:54:07	-	-	-	-
./posts/2018-australia/2018-09-22	20180922-103521.jpg	2018:09:22 10:35:21	-	-	-	-
./posts/2018-australia/2018-09-22	20180922-154938.jpg	2018:09:22 15:49:38	-	-	-	-
./posts/2018-australia/2018-09-22	20180922-155700.jpg	2018:09:22 15:57:00	-	-	-	-
./posts/2018-australia/2018-09-22	20180922-091957.jpg	2018:09:22 09:19:57	-	-	-	-
./posts/2018-australia/2018-09-22	20180922-153022.jpg	2018:09:22 15:30:22	-	-	-	-
./posts/2018-australia/2018-09-22	20180922-163912.jpg	2018:09:22 16:39:12	-	-	-	-
./posts/2018-australia/2018-09-22	20180922-152931.jpg	2018:09:22 15:29:31	-	-	-	-
./posts/2018-australia/2018-09-22	20180922-094733.jpg	2018:09:22 09:47:33	-	-	-	-
./posts/2018-australia/2018-09-25	20180925-132738.jpg	2018:09:25 13:27:38	-	-	-	-
./posts/2018-australia/2018-09-25	20180925-130516.jpg	2018:09:25 13:05:16	-	-	-	-
./posts/2018-australia/2018-09-25	20180925-095812.jpg	2018:09:25 09:58:12	-	-	-	-
./posts/2018-australia/2018-09-25	20180925-135139.jpg	2018:09:25 13:51:39	-	-	-	-
./posts/2018-australia/2018-09-25	20180925-131857.jpg	2018:09:25 13:18:57	-	-	-	-
./posts/2018-australia/2018-10-06	20181006-110228.jpg	2018:10:06 11:02:28	-	-	-	-
./posts/2018-australia/2018-10-06	20181006-110702.jpg	2018:10:06 11:07:02	-	-	-	-
./posts/2018-australia/2018-10-06	20181006-114028.jpg	2018:10:06 11:40:28	-	-	-	-
./posts/2018-australia/2018-10-06	20181006-110649.jpg	2018:10:06 11:06:49	-	-	-	-
./posts/2018-australia/2018-10-06	20181006-151149.jpg	2018:10:06 15:11:49	-	-	-	-
./posts/2018-australia/2018-10-06	20181006-124524.jpg	2018:10:06 12:45:24	-	-	-	-
./posts/2018-australia/2018-10-06	20181006-110230.jpg	2018:10:06 11:02:30	-	-	-	-
./posts/2018-australia/2018-10-06	20181006-110219.jpg	2018:10:06 11:02:19	-	-	-	-
./posts/2018-australia/2018-10-01	20181001-110111.jpg	2018:10:01 11:01:11	-	-	-	-
./posts/2018-australia/2018-10-01	20181001-140531.jpg	2018:10:01 14:05:31	-	-	-	-
./posts/2018-australia/2018-10-01	20181001-175658.jpg	2018:10:01 17:56:58	-	-	-	-
./posts/2018-australia/2018-10-01	20181001-110630.jpg	2018:10:01 11:06:30	-	-	-	-
./posts/2018-australia/2018-10-01	20181001-173556.jpg	2018:10:01 17:35:56	-	-	-	-
./posts/2018-australia/2018-10-01	20181001-162002.jpg	2018:10:01 16:20:02	-	-	-	-
./posts/2018-australia/2018-10-01	20181001-181210.jpg	2018:10:01 18:12:10	-	-	-	-
./posts/2018-australia/2018-10-01	20181001-163652.jpg	2018:10:01 16:36:52	-	-	-	-
./posts/2018-australia/2018-09-19-adelaida	20180919-141546.jpg	2018:09:19 14:15:46	-	-	-34.9281633333333	138.603386666667
./posts/2018-australia/2018-09-19-adelaida	20180919-093818.jpg	2018:09:19 09:38:18	-	-	-34.9281633333333	138.603386666667
./posts/2018-australia/2018-09-19-adelaida	20180919-084913.jpg	2018:09:19 08:49:13	-	-	-34.9281633333333	138.603386666667
./posts/2018-australia/2018-09-19-adelaida	20180919-103505.jpg	2018:09:19 10:35:05	-	-	-34.9281633333333	138.603386666667
./posts/2018-australia/2018-09-19-adelaida	20180919-094937.jpg	2018:09:19 09:49:37	-	-	-34.9281633333333	138.603386666667
./posts/2018-australia/2018-09-19-adelaida	20180919-103900.jpg	2018:09:19 10:39:00	-	-	-34.9281633333333	138.603386666667
./posts/2018-australia/2018-09-29	20180929-124534.jpg	2018:09:29 12:45:34	-	-	-	-
./posts/2018-australia/2018-09-29	20180929-124510.jpg	2018:09:29 12:45:10	-	-	-	-
./posts/2018-australia/2018-09-20	20180920-140334.jpg	2018:09:20 14:03:34	-	-	-	-
./posts/2018-australia/2018-09-20	20180920-160906.jpg	2018:09:20 16:09:06	-	-	-	-
./posts/2018-australia/2018-09-20	20180920-143702.jpg	2018:09:20 14:37:02	-	-	-	-
./posts/2018-australia/2018-09-20	20180920-160255.jpg	2018:09:20 16:02:55	-	-	-	-
./posts/2018-australia/2018-09-20	20180920-121946.jpg	2018:09:20 12:19:46	-	-	-	-
./posts/2018-australia/2018-09-20	20180920-120319.jpg	2018:09:20 12:03:19	-	-	-	-
./posts/2018-australia/2018-09-20	20180920-153525.jpg	2018:09:20 15:35:25	-	-	-	-
./posts/2018-australia/2018-09-20	20180920-144203.jpg	2018:09:20 14:42:03	-	-	-	-
./posts/2018-australia/2018-09-20	20180920-120753.jpg	2018:09:20 12:07:53	-	-	-	-
./posts/2018-australia/2018-09-27	20180927-161612.jpg	2018:09:27 16:16:12	-	-	-	-
./posts/2018-australia/2018-09-27	20180927-184927.jpg	2018:09:27 18:49:27	-	-	-	-
./posts/2018-australia/2018-09-27	20180927-185932.jpg	2018:09:27 18:59:32	-	-	-	-
./posts/2018-australia/2018-09-27	20180927-183823.jpg	2018:09:27 18:38:23	-	-	-	-
./posts/2018-australia/2018-09-26	20180926-120153.jpg	2018:09:26 12:01:53	-	-	-	-
./posts/2018-australia/2018-09-26	20180926-132654.jpg	2018:09:26 13:26:54	-	-	-	-
./posts/2018-australia/2018-09-26	20180926-132710.jpg	2018:09:26 13:27:10	-	-	-	-
./posts/2018-australia/2018-09-26	20180926-101233.jpg	2018:09:26 10:12:33	-	-	-	-
./posts/2018-australia/2018-09-26	20180926-154347.jpg	2018:09:26 15:43:47	-	-	-	-
./posts/2018-australia/2018-09-26	20180926-154345.jpg	2018:09:26 15:43:45	-	-	-	-
./posts/2018-australia/2018-09-21	20180921-121612.jpg	2018:09:21 12:16:12	-	-	-	-
./posts/2018-australia/2018-09-21	20180921-174516.jpg	2018:09:21 17:45:16	-	-	-	-
./posts/2018-australia/2018-09-21	20180921-180840.jpg	2018:09:21 18:08:40	-	-	-	-
./posts/2018-australia/2018-09-21	20180921-145059.jpg	2018:09:21 14:50:59	-	-	-	-
./posts/2018-australia/2018-09-21	20180921-171945.jpg	2018:09:21 17:19:45	-	-	-	-
./posts/2018-australia/2018-09-28	20180928-115326.jpg	2018:09:28 11:53:26	-	-	-	-
./posts/2018-australia/2018-09-28	20180928-105457.jpg	2018:09:28 10:54:57	-	-	-	-
./posts/2018-australia/2018-09-28	20180928-102428.jpg	2018:09:28 10:24:28	-	-	-	-
./posts/2018-australia/2018-09-28	20180928-101258.jpg	2018:09:28 10:12:58	-	-	-	-
./posts/2018-australia/2018-09-28	20180928-115112.jpg	2018:09:28 11:51:12	-	-	-	-
./posts/2014-italia-sur/2014-04-24-pompeya	20140424-215920.jpg	2014:04:24 21:59:20	-	-	40.85123	14.2581133333333
./posts/2013-bolivia	20130316-061541.jpg	2013:03:16 06:15:41	-	-	-	-
./posts/2013-bolivia	20130309-152225.jpg	2013:03:09 15:22:25	-	-	-	-
./posts/2013-bolivia	20130309-084529.jpg	2013:03:09 08:45:29	-	-	-	-
./posts/2013-bolivia	20130316-063816.jpg	2013:03:16 06:38:16	Salar de Uyuni	-	-	-
./posts/2013-bolivia	20130314-110911.jpg	2013:03:14 11:09:11	-	-	-7.85850333333333	110.363833333333
./posts/2013-bolivia	20130314-105908.jpg	2013:03:14 10:59:08	-	-	-	-
./posts/2013-bolivia	20130316-061354.jpg	2013:03:16 06:13:54	-	-	-	-
./posts/2013-bolivia	20130316-062648.jpg	2013:03:16 06:26:48	-	-	41.8901733333333	-87.5978416666667
./posts/2013-bolivia	20130314-175036.jpg	2013:03:14 17:50:36	-	-	-	-
./posts/2013-bolivia	20130316-072115.jpg	2013:03:16 07:21:15	Salar de Uyuni	-	-	-
./posts/2013-bolivia	20130316-061431.jpg	2013:03:16 06:14:31	-	-	-	-
./posts/2013-bolivia	20130316-061544.jpg	2013:03:16 06:15:44	-	-	-	-
./posts/2013-bolivia	20130314-182736.jpg	2013:03:14 18:27:36	-	-	-	-
./posts/2013-bolivia	20130326-125017.jpg	2013:03:26 12:50:17	2013-03-26-12.50.17	-	-	-
./posts/2013-bolivia/2013-03-13-no-llueve-sino-diluvia	20130313-075508.jpg	2013:03:13 07:55:08	-	-	-	-
./posts/2013-bolivia/2013-03-28-jueves-santo	20130328-221117.jpg	2013:03:28 22:11:17	2013-03-28-22.11.17	-	-	-
./posts/2013-bolivia	20130314-103307.jpg	2013:03:14 10:33:07	-	-	-	-
./posts/2013-bolivia	20130314-104454.jpg	2013:03:14 10:44:54	-	-	-	-
./posts/2013-bolivia	20130314-182751.jpg	2013:03:14 18:27:51	-	-	-	-
./posts/2013-bolivia	20130314-182744.jpg	2013:03:14 18:27:44	-	-	-	-
./posts/2013-bolivia	20130316-063527.jpg	2013:03:16 06:35:27	-	-	-	-
./posts/2013-bolivia/2013-03-07-dia-7	20130307-095010.jpg	2013:03:07 09:50:10	-	-	-	-
./posts/2013-bolivia/2013-03-07-dia-7	20130307-153858.jpg	2013:03:07 15:38:58	-	-	49.1970866666667	20.0671183333333
./posts/2013-bolivia/2013-03-07-dia-7	20130307-095017.jpg	2013:03:07 09:50:17	-	-	-	-
./posts/2013-bolivia/2013-03-07-dia-7	20130307-154816.jpg	2013:03:07 15:48:16	-	-	-	-
./posts/2013-bolivia/2013-03-07-dia-7	20130307-105912.jpg	2013:03:07 10:59:12	-	-	-	-
./posts/2013-bolivia/2013-03-07-dia-7	20130307-121640.jpg	2013:03:07 12:16:40	-	-	-	-
./posts/2013-bolivia/2013-03-07-dia-7	20130307-102359.jpg	2013:03:07 10:23:59	-	-	-	-
./posts/2013-bolivia/2013-03-07-dia-7	20130307-100835.jpg	2013:03:07 10:08:35	-	-	-	-
./posts/2013-bolivia/2013-03-07-dia-7	20130307-102406.jpg	2013:03:07 10:24:06	-	-	-	-
./posts/2013-bolivia/2013-03-10-visita-a-chiquitania-dia-1	20130310-122842.jpg	2013:03:10 12:28:42	-	-	-	-
./posts/2013-bolivia/2013-03-10-visita-a-chiquitania-dia-1	20130310-130934.jpg	2013:03:10 13:09:34	-	-	-	-
./posts/2013-bolivia/2013-03-10-visita-a-chiquitania-dia-1	20130310-122834.jpg	2013:03:10 12:28:34	-	-	-	-
./posts/2013-bolivia/2013-03-10-visita-a-chiquitania-dia-1	20130310-130519.jpg	2013:03:10 13:05:19	-	-	-	-
./posts/2013-bolivia	20130316-062202.jpg	2013:03:16 06:22:02	-	-	-	-
./posts/2013-bolivia	20130309-151943.jpg	2013:03:09 15:19:43	-	-	-	-
./posts/2013-bolivia	20130309-164456.jpg	2013:03:09 16:44:56	-	-	-	-
./posts/2013-bolivia	20130329-190055.jpg	2013:03:29 19:00:55	2013-03-29-19.00.55	-	-	-
./posts/2013-bolivia	20130330-210415.jpg	2013:03:30 21:04:15	2013-03-30-21.04.15	-	-	-
./posts/2013-bolivia/2013-03-31-ya-es-fin-de-semana	20130331-122530.jpg	2013:03:31 12:25:30	2013-03-31-12.25.30	-	-	-
./posts/2013-bolivia	20130316-061336.jpg	2013:03:16 06:13:36	-	-	-	-
./posts/2013-bolivia/2013-03-03-dia-3-1	20130303-141631.jpg	2013:03:03 14:16:31	-	-	-	-
./posts/2013-bolivia	20130308-221522.jpg	2013:03:08 22:15:22	-	-	-	-
./posts/2013-bolivia	20130309-142327.jpg	2013:03:09 14:23:27	-	-	-	-
./posts/2013-bolivia	20130309-091553.jpg	2013:03:09 09:15:53	-	-	-	-
./posts/2013-bolivia	20130309-151951.jpg	2013:03:09 15:19:51	-	-	-	-
./posts/2013-bolivia	20130329-191201.jpg	2013:03:29 19:12:01	2013-03-29-19.12.01	-	-	-
./posts/2013-bolivia	20130309-165202.jpg	2013:03:09 16:52:02	-	-	-	-
./posts/2013-bolivia	20130314-104501.jpg	2013:03:14 10:45:01	-	-	-	-
./posts/2013-bolivia	20130316-061311.jpg	2013:03:16 06:13:11	-	-	-	-
./posts/2013-bolivia	20130309-091600.jpg	2013:03:09 09:16:00	-	-	-	-
./posts/2013-bolivia	20130314-203821.jpg	2013:03:14 20:38:21	-	-	-	-
./posts/2013-bolivia	20130315-144610.jpg	2013:03:15 14:46:10	-	-	-	-
./posts/2013-bolivia	20130308-143847.jpg	2013:03:08 14:38:47	-	-	-	-
./posts/2013-bolivia	20130326-074547.jpg	2013:03:26 07:45:47	2013-03-26-07.45.47	-	-	-
./posts/2013-bolivia	20130326-175117.jpg	2013:03:26 17:51:17	2013-03-26-17.51.17	-	-	-
./posts/2013-bolivia/2013-03-02-dia-2-1	20130302-181049.jpg	2013:03:02 18:10:49	-	-	-	-
./posts/2013-bolivia/2013-03-02-dia-2-1	20130302-181056.jpg	2013:03:02 18:10:56	-	-	-	-
./posts/2013-bolivia	20130315-130741.jpg	2013:03:15 13:07:41	-	-	-	-
./posts/2013-bolivia	20130309-124047.jpg	2013:03:09 12:40:47	-	-	-	-
./posts/2013-bolivia	20130309-175351.jpg	2013:03:09 17:53:51	-	-	-	-
./posts/2013-bolivia	20130314-092638.jpg	2013:03:14 09:26:38	-	-	-	-
./posts/2013-bolivia	20130315-134124.jpg	2013:03:15 13:41:24	-	-	41.88882	-87.6230316666667
./posts/2013-bolivia	20130326-133024.jpg	2013:03:26 13:30:24	2013-03-26-13.30.24	-	-	-
./posts/2013-bolivia/2013-03-11-chiquitania-dia-2	20130311-135003.jpg	2013:03:11 13:50:03	-	-	-	-
./posts/2013-bolivia/2013-03-11-chiquitania-dia-2	20130311-134653.jpg	2013:03:11 13:46:53	-	-	-	-
./posts/2013-bolivia/2013-03-11-chiquitania-dia-2	20130311-134726.jpg	2013:03:11 13:47:26	-	-	-	-
./posts/2013-bolivia/2013-03-11-chiquitania-dia-2	20130311-135011.jpg	2013:03:11 13:50:11	-	-	-	-
./posts/2013-bolivia/2013-03-11-chiquitania-dia-2	20130311-134816.jpg	2013:03:11 13:48:16	-	-	-	-
./posts/2013-bolivia/2013-03-11-chiquitania-dia-2	20130311-135701.jpg	2013:03:11 13:57:01	-	-	-	-
./posts/2013-bolivia/2013-03-11-chiquitania-dia-2	20130311-112832.jpg	2013:03:11 11:28:32	-	-	-	-
./posts/2013-bolivia/2013-03-11-chiquitania-dia-2	20130311-132922.jpg	2013:03:11 13:29:22	-	-	-	-
./posts/2013-bolivia/2013-03-11-chiquitania-dia-2	20130311-134953.jpg	2013:03:11 13:49:53	-	-	-	-
./posts/2013-bolivia/2013-03-11-chiquitania-dia-2	20130311-112822.jpg	2013:03:11 11:28:22	-	-	-	-
./posts/2013-bolivia/2013-03-11-chiquitania-dia-2	20130311-134826.jpg	2013:03:11 13:48:26	-	-	-	-
./posts/2013-bolivia/2013-03-11-chiquitania-dia-2	20130311-134707.jpg	2013:03:11 13:47:07	-	-	-	-
./posts/2013-bolivia/2013-03-11-chiquitania-dia-2	20130311-135145.jpg	2013:03:11 13:51:45	-	-	-	-
./posts/2013-bolivia	20130316-063000.jpg	2013:03:16 06:30:00	-	-	-	-
./posts/2013-bolivia	20130314-183021.jpg	2013:03:14 18:30:21	-	-	-	-
./posts/2013-bolivia	20130316-062257.jpg	2013:03:16 06:22:57	-	-	-	-
./posts/2013-bolivia	20130316-061548.jpg	2013:03:16 06:15:48	-	-	-	-
./posts/2013-bolivia	20130316-064424.jpg	2013:03:16 06:44:24	-	-	-	-
./posts/2013-bolivia	20130316-173206.jpg	2013:03:16 17:32:06	Cerveza Potosina	-	-	-
./posts/2013-bolivia	20130315-173022.jpg	2013:03:15 17:30:22	-	-	-	-
./posts/2013-bolivia	20130316-061358.jpg	2013:03:16 06:13:58	-	-	-	-
./posts/2013-bolivia	20130316-061952.jpg	2013:03:16 06:19:52	-	-	-	-
./posts/2013-bolivia	20130316-083323.jpg	2013:03:16 08:33:23	-	-	-	-
./posts/2013-bolivia	20130316-063947.jpg	2013:03:16 06:39:47	-	-	-	-
./posts/2013-bolivia	20130314-105915.jpg	2013:03:14 10:59:15	-	-	-	-
./posts/2013-bolivia	20130315-130726.jpg	2013:03:15 13:07:26	-	-	-	-
./posts/2013-bolivia	20130322-121616.jpg	2013:03:22 12:16:16	-	-	-	-
./posts/2013-bolivia	20130316-083736.jpg	2013:03:16 08:37:36	-	-	-	-
./posts/2013-bolivia	20130316-083734.jpg	2013:03:16 08:37:34	-	-	-	-
./posts/2013-bolivia	20130314-105320.jpg	2013:03:14 10:53:20	-	-	-	-
./posts/2013-bolivia	20130314-112853.jpg	2013:03:14 11:28:53	-	-	42.4221416666667	18.7749616666667
./posts/2013-bolivia	20130322-162328.jpg	2013:03:22 16:23:28	2013-03-22-16.23.28	-	-	-
./posts/2017-colombia	20170822-184548.jpg	2017:08:22 18:45:48	Un grafiti alegre	Curiosamente, este est&aacute; pintado con pintura anti grafiti (cara)	-	-
./posts/2017-colombia/2017-08-15-islas-del-rosario	20170815-171919.jpg	2017:08:15 17:19:19	Colores de Cartagena	Coche de caballos	-	-
./posts/2017-colombia/2017-08-15-islas-del-rosario	20170815-091600.jpg	2017:08:15 09:16:00	Bocagrande	Vista de Bocagrande desde el mar	-	-
./posts/2017-colombia/2017-08-15-islas-del-rosario	20170815-100334.jpg	2017:08:15 10:03:34	Gente de Mar	Resort Gente de Mar en Islas Rosario	-	-
./posts/2017-colombia/2017-08-15-islas-del-rosario	20170815-182645.jpg	2017:08:15 18:26:45	Cartagena desde su muralla	-	-	-
./posts/2017-colombia/2017-08-15-islas-del-rosario	20170815-105940.jpg	2017:08:15 10:59:40	Palmeras	Palmeras en Islas Rosario	-	-
./posts/2017-colombia/2017-08-19-santa-marta-y-tayrona	20170819-062615.jpg	2017:08:19 06:26:15	Amanecer en Los Naranjos	-	-	-
./posts/2017-colombia/2017-08-19-santa-marta-y-tayrona	20170821-161455.jpg	2017:08:21 16:14:55	Bogot&aacute;	vista desde el cerro de Montserrat	4.60527833333333	-74.055555
./posts/2017-colombia/2017-08-19-santa-marta-y-tayrona	20170821-110926.jpg	2017:08:21 11:09:26	Grafiti	-	-	-
./posts/2017-colombia/2017-08-19-santa-marta-y-tayrona	20170820-113919.jpg	2017:08:20 11:39:19	R&iacute;o Piedra	-	-	-
./posts/2017-colombia/2017-08-19-santa-marta-y-tayrona	20170821-122821.jpg	2017:08:21 12:28:21	Claudio en plaza Bol&iacute;var	Detr&aacute;s de Claudio, el Palacio de Justicia	4.59796333333333	-74.076055
./posts/2017-colombia/2017-08-19-santa-marta-y-tayrona	20170821-115723.jpg	2017:08:21 11:57:23	Casa de Moneda	-	4.59686333333333	-74.0735083333333
./posts/2017-colombia/2017-08-19-santa-marta-y-tayrona	20170821-103800.jpg	2017:08:21 10:38:00	Calle de Bogot&aacute;	-	-	-
./posts/2017-colombia/2017-08-19-santa-marta-y-tayrona	20170819-092847.jpg	2017:08:19 09:28:47	Exploradora	Dora la exploradora	-	-
./posts/2017-colombia/2017-08-19-santa-marta-y-tayrona	20170820-100708.jpg	2017:08:20 10:07:08	Playa los Naranjos	-	-	-
./posts/2017-colombia	20170822-183748.jpg	2017:08:22 18:37:48	Animales en perspectiva	La farola est&aacute; pintada para que se pueda contemplar el grafiti desde lejos	-	-
./posts/2017-colombia/2017-08-13-medellin	20170813-102806.jpg	2017:08:13 10:28:06	Claudio en grafiti	-	6.23605333333333	-75.5764166666667
./posts/2017-colombia/2017-08-13-medellin	20170812-154352.jpg	2017:08:12 15:43:52	Medell&iacute;n desde el metro	-	6.24330833333333	-75.5712
./posts/2017-colombia/2017-08-13-medellin	20170813-145040.jpg	2017:08:13 14:50:40	Caf&eacute;	-	6.20841166666667	-75.5668833333333
./posts/2017-colombia/2017-08-13-medellin	20170813-102535.jpg	2017:08:13 10:25:35	Un grafiti	-	6.23605333333333	-75.5764166666667
./posts/2017-colombia/2017-08-13-medellin	20170813-100339.jpg	2017:08:13 10:03:39	Claudio en el cerro Nutibara	-	6.23698666666667	-75.58057
./posts/2017-colombia/2017-08-13-medellin	20170813-101437.jpg	2017:08:13 10:14:37	Pueblito Paisa	-	6.23598	-75.5800866666667
./posts/2017-colombia/2017-08-13-medellin	20170813-102111.jpg	2017:08:13 10:21:11	Ceci y sus admiradores	-	6.23547833333333	-75.5800216666667
./posts/2017-colombia/2017-08-13-medellin	20170813-115527.jpg	2017:08:13 11:55:27	Medell&iacute;n desde el cerro Santo Domingo	-	6.29423333333333	-75.543605
./posts/2017-colombia/2017-08-13-medellin	20170812-100436.jpg	2017:08:12 10:04:36	Palacio Nacional	Ahora es un centro comercial con muchas tiendas de zapatos	6.24911333333333	-75.57032
./posts/2017-colombia/2017-08-13-medellin	20170812-120408.jpg	2017:08:12 12:04:08	Plaza de las esculturas	Esta plaza tiene esculturas de Fernando Botero	6.252275	-75.5690416666667
./posts/2017-colombia/2017-08-13-medellin	20170812-104356.jpg	2017:08:12 10:43:56	Muerte de Pablo Escobar	por Fernando Botero	6.252275	-75.5690416666667
./posts/2017-colombia/2017-08-18-cartagena-bis	20170817-103426.jpg	2017:08:17 10:34:26	San Pedro Claver	Iglesia jesuita	-	-
./posts/2017-colombia/2017-08-18-cartagena-bis	20170818-181242.jpg	2017:08:18 18:12:42	Santa Marta	Claudio en la playa de Santa Marta	-	-
./posts/2017-colombia/2017-08-18-cartagena-bis	20170816-134625.jpg	2017:08:16 13:46:25	Cartagena amurallada	Fortaleza	-	-
./posts/2017-colombia/2017-08-18-cartagena-bis	20170817-114029.jpg	2017:08:17 11:40:29	Mandiles	Chef	-	-
./posts/2017-colombia/2017-08-18-cartagena-bis	20170817-103637.jpg	2017:08:17 10:36:37	Plaza San Pedro Claver	Cartagena	-	-
./posts/2017-colombia/2017-08-18-cartagena-bis	20170816-130218.jpg	2017:08:16 13:02:18	Donde Socorro	Comida t&iacute;pica local (desenfocada)	-	-
./posts/2017-colombia/2017-08-18-cartagena-bis	20170818-135611.jpg	2017:08:18 13:56:11	Camino del Tayrona	Carretera, en route	-	-
./posts/2017-colombia/2017-08-18-cartagena-bis	20170817-103712.jpg	2017:08:17 10:37:12	Catedral de Cartagena	-	-	-
./posts/2017-colombia/2017-08-18-cartagena-bis	20170818-182334.jpg	2017:08:18 18:23:34	Catedral de Santa Marta	Ceci en la catedral	-	-
./posts/2017-colombia/2017-08-18-cartagena-bis	20170817-123313.jpg	2017:08:17 12:33:13	Cacao estilo maya	Mezclando los ingredientes	-	-
./posts/2017-colombia/2017-08-18-cartagena-bis	20170816-173210.jpg	2017:08:16 17:32:10	San DIego	Barrio de Cartagena	-	-
./posts/2017-colombia	20170822-174506.jpg	2017:08:22 17:45:06	Grafiti h&iacute;perrealista	-	11.3284933333333	-73.9646383333333
./posts/2017-colombia/2017-08-14-cartagena-de-indias	20170814-165817.jpg	2017:08:14 16:58:17	En el fuerte de San Felipe	-	-	-
./posts/2017-colombia/2017-08-14-cartagena-de-indias	20170814-172819.jpg	2017:08:14 17:28:19	Hace calor y hay humedad	-	-	-
./posts/2017-colombia/2017-08-14-cartagena-de-indias	20170814-113410.jpg	2017:08:14 11:34:10	Una calle de Cartagena	-	-	-
./posts/2017-colombia/2017-08-14-cartagena-de-indias	20170814-104313.jpg	2017:08:14 10:43:13	Ceci en Cartagena	-	-	-
./posts/2017-colombia/2017-08-14-cartagena-de-indias	20170814-103056.jpg	2017:08:14 10:30:56	Cartagena de Indias	-	-	-
./posts/2017-colombia/2017-08-14-cartagena-de-indias	20170814-120658.jpg	2017:08:14 12:06:58	Cartagena de Indias	-	-	-
./posts/2017-colombia/2017-08-14-cartagena-de-indias	20170814-170523.jpg	2017:08:14 17:05:23	Claudio en el fuerte de San Felipe	-	10.42108	-75.5389616666667
./posts/2017-colombia/2017-08-14-cartagena-de-indias	20170814-105545.jpg	2017:08:14 10:55:45	En Cartagena	-	-	-
./posts/2017-colombia/2017-08-14-cartagena-de-indias	20170814-114851.jpg	2017:08:14 11:48:51	Pared bonita	-	-	-
./posts/2017-colombia/2017-08-14-cartagena-de-indias	20170814-173258.jpg	2017:08:14 17:32:58	Ventanas y plantas	-	10.42343	-75.5389966666667
./posts/2017-colombia/2017-08-14-cartagena-de-indias	20170814-155919.jpg	2017:08:14 15:59:19	Al fondo, Bocagrande	-	-	-
./posts/2017-colombia/2017-08-14-cartagena-de-indias	20170814-175820.jpg	2017:08:14 17:58:20	Calle del Curato de Santo Toribio	-	-	-
./posts/2017-colombia	20170822-172925.jpg	2017:08:22 17:29:25	Joven negra	La que pinta esto es una artista venezolana	-	-
./posts/2017-colombia	20170822-182752.jpg	2017:08:22 18:27:52	Un grafiti	De este grafiti Jay no habl&oacute; en el tour, pero es luminoso y alegre, no como casi todos los dem&aacute;s	-	-
./posts/2017-sierra-leona/2017-07-08-bienvenidos-a-sierra-leona	20170708-113943.jpg	2017:07:08 11:39:43	-	-	-	-
./posts/2019-peru/2019-04-20-arequipa	20190420-154804.jpg	2019:04:20 15:48:04	-	-	-16.3953566666667	-71.5363283333333
./posts/2019-peru/2019-04-20-arequipa	20190420-160039.jpg	2019:04:20 16:00:39	-	-	-16.3956466666667	-71.5369616666667
./posts/2019-peru/2019-04-20-arequipa	20190420-153055.jpg	2019:04:20 15:30:55	-	-	-16.3947183333333	-71.5365866666667
./posts/2019-peru/2019-04-19-segundo-dia-en-lima	20190419-120941.jpg	2019:04:19 12:09:41	-	-	-12.1482	-77.0220783333333
./posts/2019-peru/2019-04-19-segundo-dia-en-lima	20190419-102628.jpg	2019:04:19 10:26:28	-	-	-12.0728066666667	-77.0707933333333
./posts/2019-peru/2019-04-26	20190426-142039.jpg	2019:04:26 14:20:39	-	-	-13.5155133333333	-71.9754383333333
./posts/2019-peru/2019-04-26	20190426-155332.jpg	2019:04:26 15:53:32	-	-	-13.51648	-71.97848
./posts/2019-peru/2019-04-26	20190426-103956.jpg	2019:04:26 10:39:56	-	-	-13.47876	-71.96707
./posts/2019-peru/2019-04-26	20190426-091746.jpg	2019:04:26 09:17:46	-	-	-13.508225	-71.981595
./posts/2019-peru/2019-04-26	20190426-160803.jpg	2019:04:26 16:08:03	-	-	-13.5170216666667	-71.9786066666667
./posts/2019-peru/2019-04-26	20190426-100613.jpg	2019:04:26 10:06:13	-	-	-13.48426	-71.9626283333333
./posts/2019-peru/2019-04-26	20190426-092215.jpg	2019:04:26 09:22:15	-	-	-13.5072883333333	-71.981535
./posts/2019-peru/2019-04-26	20190426-120115.jpg	2019:04:26 12:01:15	-	-	-13.5148216666667	-71.974965
./posts/2019-peru/2019-04-21	20190421-164013.jpg	2019:04:21 16:40:13	-	-	-	-
./posts/2019-peru/2019-04-21	20190421-172102.jpg	2019:04:21 17:21:02	-	-	-15.6070116666667	-71.83555
./posts/2019-peru/2019-04-21	20190421-172531.jpg	2019:04:21 17:25:31	-	-	-15.607025	-71.8355183333333
./posts/2019-peru/2019-04-21	20190421-121021.jpg	2019:04:21 12:10:21	-	-	-	-
./posts/2019-peru/2019-04-21	20190421-105345.jpg	2019:04:21 10:53:45	-	-	-	-
./posts/2019-peru/2019-04-21	20190421-160803.jpg	2019:04:21 16:08:03	-	-	-	-
./posts/2019-peru/more_pictures	20190430-161445.jpg	2019:04:30 16:14:45	-	-	-13.190605	-72.596265
./posts/2019-peru/more_pictures	20190502-080121.jpg	2019:05:02 08:01:21	-	-	-13.1638166666667	-72.54487
./posts/2019-peru/more_pictures	20190428-082158.jpg	2019:04:28 08:21:58	-	-	-13.3809983333333	-72.58438
./posts/2019-peru/more_pictures	20190429-102053.jpg	2019:04:29 10:20:53	-	-	-13.3272233333333	-72.6649883333333
./posts/2019-peru/more_pictures	20190429-071526.jpg	2019:04:29 07:15:26	-	-	-13.322895	-72.60743
./posts/2019-peru/more_pictures	20190428-082203.jpg	2019:04:28 08:22:03	-	-	-13.381	-72.5843766666667
./posts/2019-peru/more_pictures	20190427-134110.jpg	2019:04:27 13:41:10	-	-	-	-
./posts/2019-peru/more_pictures	20190503-090857.jpg	2019:05:03 09:08:57	-	-	-	-
./posts/2019-peru/more_pictures	20190429-070103.jpg	2019:04:29 07:01:03	-	-	-	-
./posts/2019-peru/more_pictures	20190428-081747.jpg	2019:04:28 08:17:47	-	-	-13.3812216666667	-72.5846683333333
./posts/2019-peru/more_pictures	20190504-112012.jpg	2019:05:04 11:20:12	-	-	-	-
./posts/2019-peru/more_pictures	20190430-151447.jpg	2019:04:30 15:14:47	Pirata con loro	-	-13.2011283333333	-72.610745
./posts/2019-peru/more_pictures	20190502-082145.jpg	2019:05:02 08:21:45	-	-	-13.1636916666667	-72.545135
./posts/2019-peru/more_pictures	20190428-133252.jpg	2019:04:28 13:32:52	-	-	-13.34869	-72.563445
./posts/2019-peru/more_pictures	20190502-075521.jpg	2019:05:02 07:55:21	-	-	-13.16401	-72.5449066666667
./posts/2019-peru/more_pictures	20190430-170257.jpg	2019:04:30 17:02:57	-	-	-13.1857733333333	-72.5846583333333
./posts/2019-peru/more_pictures	20190428-173326.jpg	2019:04:28 17:33:26	-	-	-	-
./posts/2019-peru/more_pictures	20190504-112752.jpg	2019:05:04 11:27:52	-	-	-	-
./posts/2019-peru/more_pictures	20190430-170335.jpg	2019:04:30 17:03:35	-	-	-13.1857783333333	-72.584645
./posts/2019-peru/more_pictures	20190429-071628.jpg	2019:04:29 07:16:28	-	-	-13.3228383333333	-72.60756
./posts/2019-peru/more_pictures	20190501-114655.jpg	2019:05:01 11:46:55	-	-	-13.1759183333333	-72.5566316666667
./posts/2019-peru/more_pictures	20190427-102634.jpg	2019:04:27 10:26:34	-	-	-13.5180516666667	-71.981375
./posts/2019-peru/more_pictures	20190430-142450.jpg	2019:04:30 14:24:50	-	-	-13.2106966666667	-72.612685
./posts/2019-peru/more_pictures	20190428-173154.jpg	2019:04:28 17:31:54	-	-	-	-
./posts/2019-peru/more_pictures	20190502-104943.jpg	2019:05:02 10:49:43	-	-	-13.156195	-72.54642
./posts/2019-peru/more_pictures	20190427-110324.jpg	2019:04:27 11:03:24	-	-	-13.5207833333333	-71.9827066666667
./posts/2019-peru/more_pictures	20190501-062204.jpg	2019:05:01 06:22:04	-	-	-13.1855333333333	-72.580755
./posts/2019-peru/more_pictures	20190501-074048.jpg	2019:05:01 07:40:48	-	-	-13.185895	-72.5813283333333
./posts/2019-peru/2019-04-22-el-condor-es-magestuoso	20190422-090312.jpg	2019:04:22 09:03:12	-	-	-15.61116	-71.9064316666667
./posts/2019-peru/2019-04-22-el-condor-es-magestuoso	20190422-164656.jpg	2019:04:22 16:46:56	-	-	-15.7152783333333	-70.8091666666667
./posts/2019-peru/2019-04-22-el-condor-es-magestuoso	20190422-090429.jpg	2019:04:22 09:04:29	-	-	-15.611155	-71.906435
./posts/2019-peru/2019-04-22-el-condor-es-magestuoso	20190422-101053.jpg	2019:04:22 10:10:53	-	-	-15.637015	-71.7915216666667
./posts/2019-peru/2019-04-22-el-condor-es-magestuoso	20190422-090154.jpg	2019:04:22 09:01:54	-	-	-15.6111916666667	-71.9064883333333
./posts/2019-peru/2019-04-22-el-condor-es-magestuoso	20190422-090550.jpg	2019:04:22 09:05:50	-	-	-15.611155	-71.90644
./posts/2019-peru/2019-04-22-el-condor-es-magestuoso	20190422-090157.jpg	2019:04:22 09:01:57	-	-	-15.6111883333333	-71.906485
./posts/2019-peru/2019-04-22-el-condor-es-magestuoso	20190422-074606.jpg	2019:04:22 07:46:06	-	-	-	-
./posts/2019-peru/2019-04-22-el-condor-es-magestuoso	20190422-090150.jpg	2019:04:22 09:01:50	-	-	-15.611195	-71.9064916666667
./posts/2019-peru/2019-04-22-el-condor-es-magestuoso	20190422-091002.jpg	2019:04:22 09:10:02	-	-	-15.611055	-71.9058816666667
./posts/2019-peru/2019-04-22-el-condor-es-magestuoso	20190422-090336.jpg	2019:04:22 09:03:36	-	-	-15.6111566666667	-71.906435
./posts/2019-peru/2019-04-24	20190424-111044.jpg	2019:04:24 11:10:44	-	-	-15.769005	-69.684985
./posts/2019-peru/2019-04-24	20190424-102703.jpg	2019:04:24 10:27:03	-	-	-15.7645866666667	-69.6843783333333
./posts/2019-peru/2019-04-25	20190425-165813.jpg	2019:04:25 16:58:13	-	-	-13.51681	-71.9787266666667
./posts/2019-peru/2019-04-23-taquile	20190423-084150.jpg	2019:04:23 08:41:50	-	-	-15.8136233333333	-69.9749416666667
./posts/2019-peru/2019-04-23-taquile	20190423-084741.jpg	2019:04:23 08:47:41	-	-	-15.81354	-69.9749133333333
./posts/2019-peru/2019-04-23-taquile	20190423-090248.jpg	2019:04:23 09:02:48	-	-	-15.8115516666667	-69.9740016666667
./posts/2019-peru/2019-04-18-primer-dia-en-lima	20190418-163711.jpg	2019:04:18 16:37:11	-	-	-12.0510733333333	-77.0346333333333
./posts/2019-peru/2019-04-18-primer-dia-en-lima	20190418-113647.jpg	2019:04:18 11:36:47	-	-	-12.0457216666667	-77.0309
./posts/2019-peru/2019-04-18-primer-dia-en-lima	20190418-113701.jpg	2019:04:18 11:37:01	-	-	-12.0457216666667	-77.0309
./posts/2019-peru/2019-04-18-primer-dia-en-lima	20190418-161245.jpg	2019:04:18 16:12:45	-	-	-12.043835	-77.0318383333333
./posts/2019-peru/2019-04-18-primer-dia-en-lima	20190418-113955.jpg	2019:04:18 11:39:55	-	-	-12.0453016666667	-77.031645
./posts/2019-india/2019-10-22-taj-mahal	20191022-074917.jpg	2019:10:22 07:49:17	-	-	-	-
./posts/2019-india/2019-10-20-toma-de-contacto-con-delhi	20191020-162938.jpg	2019:10:20 16:29:38	-	-	-	-
./posts/2019-india/2019-10-20-toma-de-contacto-con-delhi	20191020-164524.jpg	2019:10:20 16:45:24	-	-	-	-
./posts/2019-india/2019-10-20-toma-de-contacto-con-delhi	20191020-094012.jpg	2019:10:20 09:40:12	Ceci pasea por el Fuerte Rojo	-	-	-
./posts/2019-india/2019-10-20-toma-de-contacto-con-delhi	20191020-151031.jpg	2019:10:20 15:10:31	Paseando una cabra	-	-	-
./posts/2019-india/2019-10-20-toma-de-contacto-con-delhi	20191020-112637.jpg	2019:10:20 11:26:37	Templo del Loto	-	-	-
./posts/2019-india/2019-10-21-llegada-a-agra	20191021-162835.jpg	2019:10:21 16:28:35	-	-	-	-
./posts/2019-india/2019-10-21-llegada-a-agra	20191021-171447.jpg	2019:10:21 17:14:47	-	-	-	-
./posts/2019-india/2019-10-21-llegada-a-agra	20191021-152013.jpg	2019:10:21 15:20:13	-	-	-	-
./posts/2019-india/2019-10-21-llegada-a-agra	20191021-151515.jpg	2019:10:21 15:15:15	-	-	-	-
./posts/2016-portugal/2016-03-25-lagos-y-silves	20160325-181057.jpg	2016:03:25 18:10:57	Praia da Rocha	-	37.1164033333333	-8.53008
./posts/2016-portugal/2016-03-25-lagos-y-silves	20160325-174747.jpg	2016:03:25 17:47:47	Portimao	Una de las muchas buenas playas del Algarve. Lo que no vale nada es Portimao en s&iacute;.	37.1164033333333	-8.53008
./posts/2016-portugal/2016-03-25-lagos-y-silves	20160325-191052.jpg	2016:03:25 19:10:52	Galer&iacute;a de arte	-	37.1904283333333	-8.43842333333333
./posts/2016-portugal/2016-03-25-lagos-y-silves	20160325-154455.jpg	2016:03:25 15:44:55	Costa del Algarve	Cerca de Lagos	37.0871416666667	-8.66725833333333
./posts/2016-portugal/2016-03-25-lagos-y-silves	20160325-151301.jpg	2016:03:25 15:13:01	Lagos	T&iacute;pica calle de Lagos	37.0983716666667	-8.673155
./posts/2016-portugal/2016-03-25-lagos-y-silves	20160325-123543.jpg	2016:03:25 12:35:43	Praia do Beliche	-	37.0260966666667	-8.96281333333333
./posts/2016-portugal/2016-03-25-lagos-y-silves	20160325-152354.jpg	2016:03:25 15:23:54	Lagos	Entrada del mar en Lagos, desde el paseo mar&iacute;timo	37.1035516666667	-8.672265
./posts/2016-portugal/2016-03-25-lagos-y-silves	20160325-154806.jpg	2016:03:25 15:48:06	Costa del Algarve	Cerca de Lagos	37.0838033333333	-8.666375
./posts/2016-portugal/2016-03-25-lagos-y-silves	20160325-162437.jpg	2016:03:25 16:24:37	Cetrer&iacute;a	-	37.1027983333333	-8.67257
./posts/2016-portugal/2016-03-25-lagos-y-silves	20160325-123735.jpg	2016:03:25 12:37:35	Praia do Beliche	-	37.025555	-8.96333333333333
./posts/2016-portugal/2016-03-25-lagos-y-silves	20160325-123520.jpg	2016:03:25 12:35:20	Praia do Beliche	-	37.0260966666667	-8.96281333333333
./posts/2016-portugal/2016-03-25-lagos-y-silves	20160325-125353.jpg	2016:03:25 12:53:53	Cabo de San Vicente	Viene a ser el Finisterre portugu&eacute;s	37.0233283333333	-8.996535
./posts/2016-portugal/2016-03-25-lagos-y-silves	20160325-163909.jpg	2016:03:25 16:39:09	Buzones	Los buzones de correos en Portugal son rojos y azules, muy llamativos	37.1027983333333	-8.67257
./posts/2016-portugal/2016-03-25-lagos-y-silves	20160325-123719.jpg	2016:03:25 12:37:19	Praia do Beliche	-	37.0256783333333	-8.96321333333333
./posts/2016-portugal/2016-03-25-lagos-y-silves	20160325-163659.jpg	2016:03:25 16:36:59	&Aacute;rbol decorado	Recuerda vagamente a los que ve&iacute;amos en la isla de Olj&oacute;n	37.10218	-8.67250333333333
./posts/2016-portugal/2016-03-25-lagos-y-silves	20160325-205151.jpg	2016:03:25 20:51:51	Viaje a Asturias	Destino tur&iacute;stico ofrecido en Faro	37.0165866666667	-7.931645
./posts/2016-portugal/2016-03-25-lagos-y-silves	20160325-154400.jpg	2016:03:25 15:44:00	T&iacute;pica roca	En el Algarve hay muchas	37.088685	-8.66773166666667
./posts/2016-portugal/2016-03-25-lagos-y-silves	20160325-123459.jpg	2016:03:25 12:34:59	Praia do Beliche	-	37.0261116666667	-8.96277833333333
./posts/2016-portugal/2016-03-25-lagos-y-silves	20160325-181012.jpg	2016:03:25 18:10:12	Portimao	-	37.1164033333333	-8.53008
./posts/2016-portugal/2016-03-25-lagos-y-silves	20160325-123458.jpg	2016:03:25 12:34:58	Praia do Beliche	Cerca del cabo de San Vicente. Mucho surfero.	37.0260966666667	-8.96281333333333
./posts/2016-portugal/2016-03-25-lagos-y-silves	20160325-190242.jpg	2016:03:25 19:02:42	Silves	Agradable lugar	37.19041	-8.43825833333333
./posts/2016-portugal/2016-03-25-lagos-y-silves	20160325-153722.jpg	2016:03:25 15:37:22	Rocas	La costa del Algarve es de roca blanda, lo que deja que el mar cree formas curiosas	37.1018166666667	-8.67054833333333
./posts/2016-portugal/2016-03-25-lagos-y-silves	20160325-194332.jpg	2016:03:25 19:43:32	Silves	Un pueblo muy bonito. Como no est&aacute; en la costa, no est&aacute; alterado por el turismo masivo.	37.1886733333333	-8.43957166666667
./posts/2016-portugal/more_pictures	20160326-164604.jpg	2016:03:26 16:46:04	Tavira	Vista desde el castillo	37.1253633333333	-7.65150833333333
./posts/2016-portugal/more_pictures	20160326-194645.jpg	2016:03:26 19:46:45	Faro	-	37.0136116666667	-7.93472166666667
./posts/2016-portugal/more_pictures	20160326-193248.jpg	2016:03:26 19:32:48	Faro	Una de las calles comerciales de Faro	37.1265083333333	-7.64970666666667
./posts/2016-portugal/more_pictures	20160326-120608.jpg	2016:03:26 12:06:08	Quinta do Lago	-	37.0274433333333	-8.02215333333333
./posts/2016-portugal/more_pictures	20160326-115105.jpg	2016:03:26 11:51:05	Quinta do Lago	-	37.0281416666667	-8.02110333333333
./posts/2016-portugal/more_pictures	20160326-165017.jpg	2016:03:26 16:50:17	Tavira	-	37.1253683333333	-7.65184333333333
./posts/2016-portugal/more_pictures	20160326-180851.jpg	2016:03:26 18:08:51	Plaza de la Rep&uacute;blica	-	37.1265083333333	-7.64970666666667
./posts/2016-portugal/more_pictures	20160326-130348.jpg	2016:03:26 13:03:48	Latas	-	37.1383616666667	-8.02233833333333
./posts/2016-portugal/more_pictures	20160326-142318.jpg	2016:03:26 14:23:18	Puerto en el Guadiana	La otra orilla: Espa&ntilde;a	37.1943883333333	-7.41410333333333
./posts/2016-portugal/more_pictures	20160326-151606.jpg	2016:03:26 15:16:06	Vila Real de Santo Antonio	-	37.1947333333333	-7.41583666666667
./posts/2016-portugal/more_pictures	20160326-174353.jpg	2016:03:26 17:43:53	Polic&iacute;as espa&ntilde;oles en Portugal	Al parecer, seg&uacute;n contaban los polic&iacute;as, es habitual que polic&iacute;as espa&ntilde;oles vayan a zonas tur&iacute;sticas de Portugal donde suele haber muchos espa&ntilde;oles	37.1265083333333	-7.64970666666667
./posts/2016-portugal/more_pictures	20160326-120528.jpg	2016:03:26 12:05:28	R&iacute;a Formosa	-	37.0275	-8.02222166666667
./posts/2016-portugal/more_pictures	20160326-200720.jpg	2016:03:26 20:07:20	Puerto de Faro	-	37.0163883333333	-7.93472166666667
./posts/2016-portugal/more_pictures	20160326-164551.jpg	2016:03:26 16:45:51	Tavira	Vista desde el castillo	37.1253633333333	-7.65150833333333
./posts/2016-portugal/more_pictures	20160326-130104.jpg	2016:03:26 13:01:04	Loul&eacute;	Muy animado los s&aacute;bados, d&iacute;a de mercado	37.1383666666667	-8.02259166666667
./posts/2016-portugal/more_pictures	20160326-151314.jpg	2016:03:26 15:13:14	&iexcl;Platos!	Muy baratos	37.1945033333333	-7.41533
./posts/2016-portugal/more_pictures	20160326-164740.jpg	2016:03:26 16:47:40	Torre del reloj	En Tavira	37.1253616666667	-7.65143333333333
./posts/2016-portugal/more_pictures	20160326-160719.jpg	2016:03:26 16:07:19	Con el autom&aacute;tico	-	37.1570266666667	-7.54646666666667
./posts/2016-portugal/2016-03-24-llegada-a-faro	20160324-182440.jpg	2016:03:24 18:24:40	Lepe	Nos desviamos para conocer Lepe, lugar de fresas y chistes	37.2539666666667	-7.20661333333333
./posts/2016-portugal/2016-03-24-llegada-a-faro	20160324-183049.jpg	2016:03:24 18:30:49	Garaje en Lepe	Lepe existe	37.2553166666667	-7.20790833333333
./posts/2016-portugal/2016-03-27-evora	20160327-152252.jpg	2016:03:27 15:22:52	&Eacute;vora	Patrimonio de la Humanidad, un bonito pueblo medieval	38.570475	-7.91108333333333
./posts/2016-portugal/2016-03-27-evora	20160327-162025.jpg	2016:03:27 16:20:25	Pra&ccedil;a do Giraldo	&Eacute;vora	38.5707966666667	-7.90933
./posts/2016-portugal/2016-03-27-evora	20160327-152532.jpg	2016:03:27 15:25:32	&Eacute;vora	-	38.5715216666667	-7.91104166666667
./posts/2016-portugal/2016-03-27-evora	20160327-133152.jpg	2016:03:27 13:31:52	&iquest;Te gusta conducir?	-	38.4306116666667	-7.93577833333333
./posts/2016-portugal/2016-03-27-evora	20160327-124610.jpg	2016:03:27 12:46:10	Alentejo	Paisaje similar al extreme&ntilde;o, muy bonito	38.2252633333333	-7.86934666666667
./posts/2016-portugal/2016-03-27-evora	20160327-221722.jpg	2016:03:27 22:17:22	Ventana rota	Hay una larga historia sobre por qu&eacute; esta ventana est&aacute; rota	38.56412	-7.91228333333333
./posts/2016-portugal/2016-03-27-evora	20160327-164946.jpg	2016:03:27 16:49:46	Vistas desde la catedral, en &Eacute;vora	-	38.571675	-7.906345
./posts/2016-portugal/2016-03-27-evora	20160327-165244.jpg	2016:03:27 16:52:44	Bajando	Escalera sin barandilla, ni se&ntilde;alizaci&oacute;n ni nada: s&oacute;lo peligro.	38.5713883333333	-7.90667166666667
./posts/2016-portugal/2016-03-27-evora	20160327-203633.jpg	2016:03:27 20:36:33	Acueducto	-	38.5759916666667	-7.91292333333333
./posts/2016-portugal/2016-03-27-evora	20160327-165041.jpg	2016:03:27 16:50:41	Ceci en el claustro	-	38.5715616666667	-7.90640333333333
./posts/2016-portugal/2016-03-27-evora	20160327-131717.jpg	2016:03:27 13:17:17	Alentejo	-	38.367305	-7.98104666666667
./posts/2016-portugal/2016-03-27-evora	20160327-163440.jpg	2016:03:27 16:34:40	Catedral de &Eacute;vora	-	38.5715233333333	-7.91104166666667
./posts/2016-portugal/2016-03-27-evora	20160327-125818.jpg	2016:03:27 12:58:18	Alvito	Un cuidad&iacute;simo pueblo en el Alentejo	38.256095	-7.99246666666667
./posts/2016-portugal/2016-03-27-evora	20160327-131504.jpg	2016:03:27 13:15:04	Alentejo	-	38.36913	-7.97763833333333
./posts/2014-marruecos/2014-09-01-llegada-a-las-gargantas-del-todra	20140901-171919.jpg	2014:09:01 17:19:19	-	-	31.57636	-5.58548
./posts/2014-marruecos/2014-09-01-llegada-a-las-gargantas-del-todra	20140901-131518.jpg	2014:09:01 13:15:18	-	-	31.53085	-5.54885166666667
./posts/2014-marruecos/2014-09-01-llegada-a-las-gargantas-del-todra	20140901-091242.jpg	2014:09:01 09:12:42	-	-	31.0384833333333	-7.12499
./posts/2014-marruecos/2014-09-01-llegada-a-las-gargantas-del-todra	20140901-162739.jpg	2014:09:01 16:27:39	-	-	31.5772666666667	-5.58633
./posts/2014-marruecos/2014-09-01-llegada-a-las-gargantas-del-todra	20140901-082534.jpg	2014:09:01 08:25:34	-	-	31.067725	-7.14205833333333
./posts/2016-namibia-y-botsuana	20160604-210832.jpg	2016:06:04 21:08:32	Planificando	Pr&oacute;ximo destino: &Aacute;frica	40.4580683333333	-3.68759166666667
./posts/2016-namibia-y-botsuana	20190515-192126.mp4	-	-	-	-	-
./posts/2016-namibia-y-botsuana/2016-08-15-sossusvlei	20160815-131319.jpg	2016:08:15 13:13:19	-	-	-	-
./posts/2016-namibia-y-botsuana/2016-08-14-llegada-a-little-sossus	20160814-185717.jpg	2016:08:14 18:57:17	Little Sossus campsite	-	-24.662625	15.9741366666667
./posts/2016-namibia-y-botsuana/2016-08-14-llegada-a-little-sossus	20160814-160234.jpg	2016:08:14 16:02:34	&Aacute;rea de autoservicio	-	-	-
./posts/2016-namibia-y-botsuana/2016-09-04-claudio-se-come-un-cocodrilo	20160904-195709.jpg	2016:09:04 19:57:09	Cocodrilo para cenar	-	-22.5509416666667	17.0902633333333
.	maps.html	-	-	-	-	-
